Id,Designator,Footprint,Quantity,Comment,Supplier and ref
1,"C13,C14",C_0201_0603Metric_Pad0.64x0.40mm_HandSolder,2,10uF,
2,"C15,C16",C_0201_0603Metric_Pad0.64x0.40mm_HandSolder,2,15pF,
3,U1,QFN-56-1EP_7x7mm_P0.4mm_EP3.2x3.2mm,1,RP2040,
4,"J3,J1,J2",PinHeader_1x15_P2.54mm_Vertical,3,Conn_01x15,
5,R5,R_0402_1005Metric,1,10K,
6,"R4,R6",R_0402_1005Metric,2,1K,
7,Y1,Crystal_SMD_3225-4Pin_3.2x2.5mm_HandSoldering,1,12MHz,
8,U3,SOIC-8_5.3x5.3mm_P1.27mm,1,W25Q128JVS,
9,"R2,R3",R_0402_1005Metric,2,27,
10,R1,R_0402_1005Metric,1,R,
11,"C3,C4,C6,C7,C1,C5,C8,C10,C11,C2",C_0402_1005Metric_Pad0.74x0.62mm_HandSolder,10,0.1uF,
12,SW1,SW_Push_SPST_NO_Alps_SKRK,1,SW_Push,
13,"C9,C12",C_0402_1005Metric_Pad0.74x0.62mm_HandSolder,2,1uF,
14,U2,SOT-89-3,1,MCP1700x-120xxMB,
15,P1,USB_C_Plug_Molex_105444,1,USB_C_Plug_USB2.0,